<?xml version="1.0" encoding="UTF-8"?>
<xrgb>
  <models>
    <model StringType="RGB Nodes" StartSide="B" Dir="L" PixelSize="2" Transparency="0" parm3="1" DisplayAs="Tree 360" LayoutGroup="Default" TreeRotation="0.000000" name="SpiralTrLg2" Antialias="2" TreeSpiralRotations="19.000000" TreePerspective="0.100000" TreeBottomTopRatio="22.000000" ControllerConnection="WS2811:15" parm1="1" parm2="200" offsetXpct="0.6802" offsetYpct="0.2700" PreviewScaleX="0.0734" PreviewScaleY="0.3139" PreviewRotation="0" versionNumber="1" StartChannel="#409:211"/>
    <model DisplayAs="Tree Flat" StringType="RGB Nodes" parm1="1" parm2="50" parm3="5" StartSide="B" Dir="L" PixelSize="2" Transparency="0" Antialias="2" LayoutGroup="Default" name="Mini Tree Flat L" ControllerConnection="WS2811:9" offsetXpct="0.1994" offsetYpct="0.2159" PreviewScaleX="0.0400" PreviewScaleY="0.1200" PreviewRotation="0" versionNumber="1" StartChannel="#406:391">
      <dimmingCurve>
        <all brightness="0" gamma="1.8"/>
      </dimmingCurve>
    </model>
    <model DisplayAs="Tree Flat" StringType="RGB Nodes" parm1="1" parm2="50" parm3="5" StartSide="B" Dir="L" PixelSize="2" Transparency="0" Antialias="2" LayoutGroup="Default" name="Mini Tree Flat R" ControllerConnection="WS2811:11" offsetXpct="0.5315" offsetYpct="0.2164" PreviewScaleX="0.0400" PreviewScaleY="0.1200" PreviewRotation="0" versionNumber="1" StartChannel="#407:331">
      <dimmingCurve>
        <all brightness="0" gamma="1.8"/>
      </dimmingCurve>
    </model>
    <model StringType="RGB Nodes" PixelSize="2" Transparency="0" parm3="1" DisplayAs="Tree 360" LayoutGroup="Default" TreeRotation="0.000000" name="SpiralTrLg1" ControllerConnection="WS2811:13" Dir="R" StartSide="B" Antialias="2" TreeSpiralRotations="19.000000" TreePerspective="0.100000" TreeBottomTopRatio="22.000000" parm1="1" parm2="200" offsetXpct="0.0516" offsetYpct="0.2472" PreviewScaleX="0.0734" PreviewScaleY="0.3139" PreviewRotation="0" versionNumber="1" StartChannel="#408:121"/>
    <model StringType="RGB Nodes" PixelSize="2" Transparency="0" LayoutGroup="Default" Dir="R" StartSide="B" name="Matrix Wind R" Antialias="2" DisplayAs="Horiz Matrix" parm1="8" parm2="50" parm3="2" ControllerConnection="WS2811:12" offsetXpct="0.5371" offsetYpct="0.5180" PreviewScaleX="0.1187" PreviewScaleY="0.1333" PreviewRotation="0" versionNumber="1" StartChannel="#203:502">
      <dimmingCurve>
        <all brightness="0" gamma="1.8"/>
      </dimmingCurve>
      <subModel name="Snowflake1" layout="horizontal" type="ranges" line0="10,13,16" line1="36,38,40" line2="62,63,64" line3="84,85,88,91,92" line4="106,109,112,114,117,120" line5="132,136,138,140,144" line6="158,160,162,164,166,168" line7="181,182,184,188,192,194,195" line8="208,210,212,214,216,218" line9="232,236,238,240,244" line10="256,259,262,264,267,270" line11="284,285,288,291,292" line12="312,313,314" line13="336,338,340" line14="360,363,366"/>
      <subModel name="Snowflake2" layout="horizontal" type="ranges" line0="10,13,16" line1="36,38,40" line2="59,62,64,67" line3="83,84,88,92,93" line4="106,111,113,115,120" line5="132,135,136,138,140,141,144" line6="158,162,164,168" line7="181,182,184-186,188,190-192,194,195" line8="208,212,214,218" line9="232,235,236,238,240,241,244" line10="256,261,263,265,270" line11="283,284,288,292,293" line12="309,312,314,317" line13="336,338,340" line14="360,363,366"/>
      <subModel name="Snowflake3" layout="horizontal" type="ranges" line0="10,13,16" line1="36,38,40" line2="58,62,64,68" line3="84,88,92" line4="106,110,113,116,120" line5="132,136,138,140,144" line6="158,162,164,168" line7="181,182,184-186,188,190-192,194,195" line8="208,212,214,218" line9="232,236,238,240,244" line10="256,260,263,266,270" line11="284,288,292" line12="308,312,314,318" line13="336,338,340" line14="360,363,366"/>
      <subModel name="Snowflake4" layout="horizontal" type="ranges" line0="10,13,16" line1="36,38,40" line2="59,62,64,67" line3="83,84,86,90,92,93" line4="106,111-115,120" line5="132,134,135,141,142,144" line6="158,160,162,164,166,168" line7="181,182,185,188,191,194,195" line8="208,210,212,214,216,218" line9="232,234,235,241,242,244" line10="256,261-265,270" line11="283,284,286,290,292,293" line12="309,312,314,317" line13="336,338,340" line14="360,363,366"/>
      <subModel name="Spinner1" layout="horizontal" type="ranges" line0="188,163,138,113,88,63,38,13" line1="188,162,136,110,84,58" line2="188-181" line3="188,212,236,260,284,308" line4="188,213,238,263,288,313,338,363" line5="188,214,240,266,292,318" line6="188-195" line7="188,164,140,116,92,68"/>
      <subModel name="Spinner2" layout="horizontal" type="ranges" line0="188,212,162,236,136,260,110,284,84,308,58" line1="186,210,160,234,134,258,108,282,82" line2="184,208,158,232,132,256,106" line3="182,206,156" line4="188,214,212,240,236,266,260,292,284,318,308" line5="238,264,262,290,286,316,310,342,334" line6="288,314,312,340,336,366,360" line7="338,364,362" line8="188,164,214,140,240,116,266,92,292,68,318" line9="190,166,216,142,242,118,268,94,294" line10="192,168,218,144,244,120,270" line11="194,170,220" line12="188,164,162,140,136,116,110,92,84,68,58" line13="138,114,112,90,86,66,60,42,34" line14="88,64,62,40,36,16,10" line15="38,14,12"/>
    </model>
    <model StringType="RGB Nodes" PixelSize="2" Transparency="0" LayoutGroup="Default" Dir="R" StartSide="B" name="Matrix Wind L" DisplayAs="Horiz Matrix" Antialias="2" ControllerConnection="WS2811:4" parm1="8" parm2="50" parm3="2" offsetXpct="0.1921" offsetYpct="0.5180" PreviewScaleX="0.1187" PreviewScaleY="0.1333" PreviewRotation="0" versionNumber="1" StartChannel="#403:331">
      <dimmingCurve>
        <all brightness="0" gamma="1.8"/>
      </dimmingCurve>
      <subModel name="Snowflake1" layout="horizontal" type="ranges" line0="10,13,16" line1="36,38,40" line2="62,63,64" line3="84,85,88,91,92" line4="106,109,112,114,117,120" line5="132,136,138,140,144" line6="158,160,162,164,166,168" line7="181,182,184,188,192,194,195" line8="208,210,212,214,216,218" line9="232,236,238,240,244" line10="256,259,262,264,267,270" line11="284,285,288,291,292" line12="312,313,314" line13="336,338,340" line14="360,363,366"/>
      <subModel name="Snowflake2" layout="horizontal" type="ranges" line0="10,13,16" line1="36,38,40" line2="59,62,64,67" line3="83,84,88,92,93" line4="106,111,113,115,120" line5="132,135,136,138,140,141,144" line6="158,162,164,168" line7="181,182,184-186,188,190-192,194,195" line8="208,212,214,218" line9="232,235,236,238,240,241,244" line10="256,261,263,265,270" line11="283,284,288,292,293" line12="309,312,314,317" line13="336,338,340" line14="360,363,366"/>
      <subModel name="Snowflake3" layout="horizontal" type="ranges" line0="10,13,16" line1="36,38,40" line2="58,62,64,68" line3="84,88,92" line4="106,110,113,116,120" line5="132,136,138,140,144" line6="158,162,164,168" line7="181,182,184-186,188,190-192,194,195" line8="208,212,214,218" line9="232,236,238,240,244" line10="256,260,263,266,270" line11="284,288,292" line12="308,312,314,318" line13="336,338,340" line14="360,363,366"/>
      <subModel name="Snowflake4" layout="horizontal" type="ranges" line0="10,13,16" line1="36,38,40" line2="59,62,64,67" line3="83,84,86,90,92,93" line4="106,111-115,120" line5="132,134,135,141,142,144" line6="158,160,162,164,166,168" line7="181,182,185,188,191,194,195" line8="208,210,212,214,216,218" line9="232,234,235,241,242,244" line10="256,261-265,270" line11="283,284,286,290,292,293" line12="309,312,314,317" line13="336,338,340" line14="360,363,366"/>
      <subModel name="Spinner1" layout="horizontal" type="ranges" line0="188,163,138,113,88,63,38,13" line1="188,162,136,110,84,58" line2="188-181" line3="188,212,236,260,284,308" line4="188,213,238,263,288,313,338,363" line5="188,214,240,266,292,318" line6="188-195" line7="188,164,140,116,92,68"/>
      <subModel name="Spinner2" layout="horizontal" type="ranges" line0="188,212,162,236,136,260,110,284,84,308,58" line1="186,210,160,234,134,258,108,282,82" line2="184,208,158,232,132,256,106" line3="182,206,156" line4="188,214,212,240,236,266,260,292,284,318,308" line5="238,264,262,290,286,316,310,342,334" line6="288,314,312,340,336,366,360" line7="338,364,362" line8="188,164,214,140,240,116,266,92,292,68,318" line9="190,166,216,142,242,118,268,94,294" line10="192,168,218,144,244,120,270" line11="194,170,220" line12="188,164,162,140,136,116,110,92,84,68,58" line13="138,114,112,90,86,66,60,42,34" line14="88,64,62,40,36,16,10" line15="38,14,12"/>
    </model>
    <model DisplayAs="Window Frame" StringType="RGB Nodes" Transparency="0" LayoutGroup="Default" PixelSize="5" Antialias="2" parm2="7" name="Window MR" Dir="R" StartSide="B" parm1="8" ControllerConnection="WS2811:11" parm3="8" offsetXpct="0.5434" offsetYpct="0.5125" PreviewScaleX="0.1359" PreviewScaleY="0.1722" PreviewRotation="0" versionNumber="1" StartChannel="#203:412">
      <dimmingCurve>
        <all brightness="0" gamma="1.8"/>
      </dimmingCurve>
    </model>
    <model DisplayAs="Window Frame" StringType="RGB Nodes" Transparency="0" LayoutGroup="Default" parm2="7" PixelSize="5" Antialias="2" name="Window ML" parm1="8" parm3="8" ControllerConnection="WS2811:7" Dir="R" StartSide="B" offsetXpct="0.1984" offsetYpct="0.5125" PreviewScaleX="0.1359" PreviewScaleY="0.1722" PreviewRotation="0" versionNumber="1" StartChannel="#406:1">
      <dimmingCurve>
        <all brightness="0" gamma="1.8"/>
      </dimmingCurve>
    </model>
    <model Antialias="1" PixelSize="2" Transparency="0" parm3="1" DisplayAs="Horiz Matrix" LayoutGroup="Default" name="FPPMatrix" Dir="L" StartSide="B" StringType="RGB Nodes" parm1="64" parm2="48" offsetXpct="0.4289" offsetYpct="0.7695" PreviewScaleX="0.0516" PreviewScaleY="0.1056" PreviewRotation="0" versionNumber="1" StartChannel="#301:1">
      <faceInfo Name="Sparkle" CustomColors="" Eyes-Open="" ImagePlacement="" Mouth-AI-EyesClosed="" Mouth-AI-EyesOpen="" Mouth-E-EyesClosed="" Mouth-E-EyesOpen="" Mouth-FV-EyesClosed="" Mouth-FV-EyesOpen="" Mouth-L-EyesClosed="" Mouth-L-EyesOpen="" Mouth-MBP-EyesClosed="" Mouth-MBP-EyesOpen="" Mouth-O-EyesClosed="" Mouth-O-EyesOpen="" Mouth-U-EyesClosed="" Mouth-U-EyesOpen="" Mouth-WQ-EyesClosed="" Mouth-WQ-EyesOpen="" Mouth-etc-EyesClosed="" Mouth-etc-EyesOpen="" Mouth-rest="" Mouth-rest-EyesClosed="" Mouth-rest-EyesOpen="" Type="Matrix"/>
      <faceInfo Name="SInging matrix tree" CustomColors="" Eyes-Open="" ImagePlacement="" Mouth-AI="" Mouth-AI-EyesClosed="" Mouth-AI-EyesOpen="/Users/Brent/Dropbox/xlights/xLights/Show/_lost/BrAl.jpg" Mouth-E="" Mouth-E-EyesClosed="" Mouth-E-EyesOpen="/Users/Brent/Dropbox/xlights/xLights/Show/_lost/BrEe.jpg" Mouth-FV="" Mouth-FV-EyesClosed="" Mouth-FV-EyesOpen="/Users/Brent/Dropbox/xlights/xLights/Show/_lost/BrFV.jpg" Mouth-L="" Mouth-L-EyesClosed="" Mouth-L-EyesOpen="/Users/Brent/Dropbox/xlights/xLights/Show/_lost/BrL.jpg" Mouth-MBP="" Mouth-MBP-EyesClosed="" Mouth-MBP-EyesOpen="/Users/Brent/Dropbox/xlights/xLights/Show/_lost/BrBMP.jpg" Mouth-O="" Mouth-O-EyesClosed="" Mouth-O-EyesOpen="/Users/Brent/Dropbox/xlights/xLights/Show/_lost/BrOh.jpg" Mouth-U="" Mouth-U-EyesClosed="" Mouth-U-EyesOpen="/Users/Brent/Dropbox/xlights/xLights/Show/_lost/BrU.jpg" Mouth-WQ="" Mouth-WQ-EyesClosed="" Mouth-WQ-EyesOpen="/Users/Brent/Dropbox/xlights/xLights/Show/_lost/BrQW.jpg" Mouth-etc="" Mouth-etc-EyesClosed="" Mouth-etc-EyesOpen="/Users/Brent/Dropbox/xlights/xLights/Show/_lost/Bretc.jpg" Mouth-rest="" Mouth-rest-EyesClosed="" Mouth-rest-EyesOpen="/Users/Brent/Dropbox/xlights/xLights/Show/_lost/BrRest.jpg" Type="Matrix"/>
      <faceInfo Name="Poppy" CustomColors="" Eyes-Open="" ImagePlacement="" Mouth-AI="" Mouth-AI-EyesClosed="" Mouth-AI-EyesOpen="/Users/Brent/Dropbox/xlights/xLights/Show/_lost/PopAl.jpg" Mouth-E="" Mouth-E-EyesClosed="" Mouth-E-EyesOpen="/Users/Brent/Dropbox/xlights/xLights/Show/_lost/PopEe.jpg" Mouth-FV="" Mouth-FV-EyesClosed="" Mouth-FV-EyesOpen="/Users/Brent/Dropbox/xlights/xLights/Show/_lost/PopFV.jpg" Mouth-L="" Mouth-L-EyesClosed="" Mouth-L-EyesOpen="/Users/Brent/Dropbox/xlights/xLights/Show/_lost/PopL.jpg" Mouth-MBP="" Mouth-MBP-EyesClosed="" Mouth-MBP-EyesOpen="/Users/Brent/Dropbox/xlights/xLights/Show/_lost/PopBMP.jpg" Mouth-O="" Mouth-O-EyesClosed="" Mouth-O-EyesOpen="/Users/Brent/Dropbox/xlights/xLights/Show/_lost/PopOh.jpg" Mouth-U="" Mouth-U-EyesClosed="" Mouth-U-EyesOpen="/Users/Brent/Dropbox/xlights/xLights/Show/_lost/PopU.jpg" Mouth-WQ="" Mouth-WQ-EyesClosed="" Mouth-WQ-EyesOpen="/Users/Brent/Dropbox/xlights/xLights/Show/_lost/PopQW.jpg" Mouth-etc="" Mouth-etc-EyesClosed="" Mouth-etc-EyesOpen="/Users/Brent/Dropbox/xlights/xLights/Show/_lost/Popetc.jpg" Mouth-rest="" Mouth-rest-EyesClosed="" Mouth-rest-EyesOpen="/Users/Brent/Dropbox/xlights/xLights/Show/_lost/PopRest.jpg" Type="Matrix"/>
      <faceInfo Name="OMG" CustomColors="" Eyes-Closed="" Eyes-Open="" ImagePlacement="" Mouth-AI-EyesClosed="" Mouth-AI-EyesOpen="" Mouth-E-EyesClosed="" Mouth-E-EyesOpen="" Mouth-FV-EyesClosed="" Mouth-FV-EyesOpen="" Mouth-L-EyesClosed="" Mouth-L-EyesOpen="" Mouth-MBP-EyesClosed="" Mouth-MBP-EyesOpen="" Mouth-O-EyesClosed="" Mouth-O-EyesOpen="" Mouth-U-EyesClosed="" Mouth-U-EyesOpen="" Mouth-WQ-EyesClosed="" Mouth-WQ-EyesOpen="" Mouth-etc-EyesClosed="" Mouth-etc-EyesOpen="" Mouth-rest="" Mouth-rest-EyesClosed="" Mouth-rest-EyesOpen="" Type="Matrix"/>
      <dimmingCurve>
        <all brightness="-30" gamma="2"/>
      </dimmingCurve>
    </model>
    <model StringType="RGB Nodes" Antialias="1" PixelSize="2" Transparency="0" parm2="50" parm3="1" LayoutGroup="Default" parm1="1" Dir="R" StartSide="B" DisplayAs="Tree 360" TreePerspective="0.150000" name="Sp Tree RR" ControllerConnection="WS2811:12" TreeRotation="90.000000" TreeSpiralRotations="4.000000" offsetXpct="0.5936" offsetYpct="0.1986" PreviewScaleX="0.0400" PreviewScaleY="0.1500" PreviewRotation="0" versionNumber="1" StartChannel="#407:481">
      <dimmingCurve>
        <all brightness="0" gamma="1.8"/>
      </dimmingCurve>
    </model>
    <model StringType="RGB Nodes" Antialias="1" PixelSize="2" Transparency="0" parm2="50" parm3="1" LayoutGroup="Default" parm1="1" Dir="R" StartSide="B" DisplayAs="Tree 360" TreePerspective="0.150000" name="Sp Tree RL" ControllerConnection="WS2811:11" TreeRotation="90.000000" TreeSpiralRotations="4.000000" offsetXpct="0.4643" offsetYpct="0.2385" PreviewScaleX="0.0400" PreviewScaleY="0.1500" PreviewRotation="0" versionNumber="1" StartChannel="#407:181">
      <dimmingCurve>
        <all brightness="0" gamma="1.8"/>
      </dimmingCurve>
    </model>
    <model StringType="RGB Nodes" StartSide="B" Dir="L" Antialias="1" PixelSize="2" Transparency="0" parm2="50" parm3="1" LayoutGroup="Default" parm1="1" DisplayAs="Tree 360" TreePerspective="0.150000" name="Sp Tree LR" ControllerConnection="WS2811:9" TreeSpiralRotations="-4.000000" TreeRotation="270.000000" offsetXpct="0.2622" offsetYpct="0.2441" PreviewScaleX="0.0400" PreviewScaleY="0.1500" PreviewRotation="0" versionNumber="1" StartChannel="#406:241">
      <dimmingCurve>
        <all brightness="0" gamma="1.8"/>
      </dimmingCurve>
    </model>
    <model StringType="RGB Nodes" Antialias="1" PixelSize="2" Transparency="0" parm2="50" parm3="1" parm1="1" DisplayAs="Tree 360" TreePerspective="0.150000" name="Sp Tree LL" ControllerConnection="WS2811:10" LayoutGroup="All Previews" TreeSpiralRotations="-4.000000" Dir="R" StartSide="B" TreeRotation="270.000000" offsetXpct="0.1352" offsetYpct="0.2042" PreviewScaleX="0.0400" PreviewScaleY="0.1500" PreviewRotation="0" versionNumber="1" StartChannel="#407:31">
      <dimmingCurve>
        <all brightness="0" gamma="1.8"/>
      </dimmingCurve>
    </model>
    <model StringType="RGB Nodes" Antialias="1" PixelSize="2" Transparency="0" parm2="50" parm3="1" DisplayAs="Tree 360" LayoutGroup="Default" parm1="1" TreeBottomTopRatio="2.000000" name="C Spiral Tree R" Dir="R" StartSide="B" TreeSpiralRotations="-4.000000" TreeRotation="270.000000" TreePerspective="0.050000" ControllerConnection="WS2811:10" offsetXpct="0.6309" offsetYpct="0.3653" PreviewScaleX="0.0437" PreviewScaleY="0.1444" PreviewRotation="0" versionNumber="1" StartChannel="#203:262">
      <dimmingCurve>
        <all brightness="0" gamma="1.8"/>
      </dimmingCurve>
    </model>
    <model StringType="RGB Nodes" StartSide="B" Dir="L" Antialias="1" PixelSize="2" Transparency="0" parm2="50" parm3="1" DisplayAs="Tree 360" LayoutGroup="Default" parm1="1" TreeSpiralRotations="4.000000" TreeBottomTopRatio="2.000000" name="C Spiral Tree L" TreeRotation="90.000000" TreePerspective="0.050000" ControllerConnection="WS2811:8" offsetXpct="0.0992" offsetYpct="0.3653" PreviewScaleX="0.0437" PreviewScaleY="0.1444" PreviewRotation="0" versionNumber="1" StartChannel="#406:91">
      <dimmingCurve>
        <all brightness="0" gamma="1.8"/>
      </dimmingCurve>
    </model>
    <model DisplayAs="Custom" StartSide="B" Dir="L" parm3="1" StringType="RGB Nodes" ModelBrightness="" StrandNames="" NodeNames="" LayoutGroup="Default" PixelSize="6" Antialias="3" Transparency="4" name="Wreath L" parm2="42" parm1="45" CustomModel=",,,,,,,,,,,,,,,,,,,,32,,,,,,,,31,,,,,,,,,,,,,,,,;,,,,,,,,,,,,,,,,,,,,,,,,,,,,,,,,,,,,,,,,,,,,;,,,,,,,,,,,,,37,,,,,,,,,,,,,,,,,,,,,,,,,,,,,,,;,,,,,,,,,,,,,,,,,,,,33,,,,,,,,,,,,,,,,,,,,,,,,;,,,,,,,,,,,,,,,,,,,,,,,,,,,30,,,,,,,26,,,,,,,,,,;,,,,,,,,,,,,,,36,,,,,,,,,,,,,,,,,,,,,,,,,,,,,,;,,,,,,,38,,,,,,,,,,,,,,,,,,,,,,,,,27,,,,,,,,,,,,;,,,,,,,,,,,,,,,,,,,,,34,,,,,29,,,,,,,,,,,,,,,,,,;,,,,,,,,,39,,,,,,,35,,,,,,,,,,,,,,,,,,,,,,,,25,,,,;,,,,,,,,,,,,,,,,,,,,,,,,,,,,,,28,,,,,,,,,,,,,,;,,,,,,,,,,,,,,,,,,,,,,,,,,,,,,,,,,,,,24,,,,,,,;,,42,,,,,,,,,,,,,,,,,,,,,,,,,,,,,,,,,,,,,,,,,,;,,,,,,,,,,,,,,,,,,,,,,,,,,,,,,,,,,,,,,,,,,,,;,,,,,,41,,,,,,,,,,,,,,,,,,,,,,,,,,,,,,,,,,,,,,;,,,,,,,,,40,,,,,,,,,,,,,,,,,,,,,,,,,,,,,,,,,,,;,,,,,,,,,,,,,,,,,,,,,,,,,,,,,,,,,,,,,,,,,,,21,;,,,,,,,,,,,,,,,,,,,,,,,,,,,,,,,,,,,,,,,22,,,,,;,,,,,,,,,,,,,,,,,,,,,,,,,,,,,,,,,,,23,,,,,,,,,;43,,,,,,,,,,,,,,,,,,,,,,,,,,,,,,,,,,,,,,,,,,,,;,,,,44,,,,45,,,,,,,,,,,,,,,,,,,,,,,,,,,,,,,,,,,,;,,,,,,,,,,,,,,,,,,,,,,,,,,,,,,,,,,,,,,,,,,,,;,,,,,,,,,,,,,,,,,,,,,,,,,,,,,,,,,,,,18,,,,,,,,;,,,,,,,,,,,,,,,,,,,,,,,,,,,,,,,,,,,,,,,,19,,,,20;,,,,,,,,46,,,,,,,,,,,,,,,,,,,,,,,,,,,,,,,,,,,,;,,,,,47,,,,,,,,,,,,,,,,,,,,,,,,,,,,,,,,,,,,,,,;,48,,,,,,,,,,,,,,,,,,,,,,,,,,,,,,,,,,,,,,,,,,,;,,,,,,,,,,,,,,,,,,,,,,,,,,,,,,,,,,,17,,,,,,,,,;,,,,,,,,,,,,,,,,,,,,,,,,,,,,,,,,,,,,,,,16,,,,,;,,,,,,,,,,,,,,,,,,,,,,,,,,,,,,,,,,,,,,,,,,,,;,,,,,,,,,,,,,,,,,,,,,,,,,,,,,,,,,,,,,,,,,,15,,;,,,,,,,50,,,,,,,,,,,,,,,,,,,,,,,,,,,,,,,,,,,,,;,,,,,,,,,,,,,,1,,,,,,,,,,,,,,,,,,,,,,,,,,,,,,;,,,,49,,,,,,,,,,,,,,,,,,,,,,,,12,,,,,,,13,,,,,,,,,;,,,,,,,,,,,,,,,,,,6,,,,,7,,,,,,,,,,,,,,,,,,,,,;,,,,,,,,,,,,2,,,,,,,,,,,,,,,,,,,,,,,,,,,,,,,,;,,,,,,,,,,,,,,,,,,,,,,,,,,,,,,11,,,,,,,,14,,,,,,;,,,,,,,,,,,,,,,,,5,,,,,,,,,,,,,,,,,,,,,,,,,,,;,,,,,,,,,3,,,,,,,,,,,,,,,8,,,,,,,,,,,,,,,,,,,,;,,,,,,,,,,,,,,,,,,,,,,,,,,,,,,,,,,,,,,,,,,,,;,,,,,,,,,,,,,,,,,,,,,,,,,,,,,,,10,,,,,,,,,,,,,;,,,,,,,,,,,,,,,,4,,,,,,,,,,,,,,,,,,,,,,,,,,,,;,,,,,,,,,,,,,,,,,,,,,,,,9,,,,,,,,,,,,,,,,,,,," CustomBkgLightness="0" ControllerConnection="WS2811:6" offsetXpct="0.2424" offsetYpct="0.7939" PreviewScaleX="0.0300" PreviewScaleY="0.0580" PreviewRotation="0" versionNumber="1" StartChannel="#202:184">
      <dimmingCurve>
        <all brightness="0" gamma="1.8"/>
      </dimmingCurve>
      <subModel name="Inner Circle" layout="horizontal" type="ranges" line0="1,6,7,12,17,18,23,28,29,34,35,40,45,46"/>
      <subModel name="Mid Circle" layout="horizontal" type="ranges" line0="2,5,8,11,13,16,19,22,24,27,30,33,36,39,41,44,47,50"/>
      <subModel name="Outer Circle" layout="horizontal" type="ranges" line0="3,4,9,10,14,15,20,21,25,26,31,32,37,38,42,43,48,49"/>
      <subModel name="WArchL" layout="horizontal" type="ranges" line0="48,43,42,38,37,32,31,26,25,21,20" offsetXpct="0.2424" offsetYpct="0.7939" PreviewScaleX="0.0300" PreviewScaleY="0.0580" PreviewRotation="0" versionNumber="1" StartChannel="751"/>
    </model>
    <model DisplayAs="Custom" StringType="RGB Nodes" StartSide="B" Dir="L" parm3="1" LayoutGroup="Default" PixelSize="6" Antialias="3" Transparency="4" name="Wreath R" parm2="42" parm1="45" CustomModel=",,,,,,,,,,,,,,,,,,,,32,,,,,,,,31,,,,,,,,,,,,,,,,;,,,,,,,,,,,,,,,,,,,,,,,,,,,,,,,,,,,,,,,,,,,,;,,,,,,,,,,,,,37,,,,,,,,,,,,,,,,,,,,,,,,,,,,,,,;,,,,,,,,,,,,,,,,,,,,33,,,,,,,,,,,,,,,,,,,,,,,,;,,,,,,,,,,,,,,,,,,,,,,,,,,,30,,,,,,,26,,,,,,,,,,;,,,,,,,,,,,,,,36,,,,,,,,,,,,,,,,,,,,,,,,,,,,,,;,,,,,,,38,,,,,,,,,,,,,,,,,,,,,,,,,27,,,,,,,,,,,,;,,,,,,,,,,,,,,,,,,,,,34,,,,,29,,,,,,,,,,,,,,,,,,;,,,,,,,,,39,,,,,,,35,,,,,,,,,,,,,,,,,,,,,,,,25,,,,;,,,,,,,,,,,,,,,,,,,,,,,,,,,,,,28,,,,,,,,,,,,,,;,,,,,,,,,,,,,,,,,,,,,,,,,,,,,,,,,,,,,24,,,,,,,;,,42,,,,,,,,,,,,,,,,,,,,,,,,,,,,,,,,,,,,,,,,,,;,,,,,,,,,,,,,,,,,,,,,,,,,,,,,,,,,,,,,,,,,,,,;,,,,,,41,,,,,,,,,,,,,,,,,,,,,,,,,,,,,,,,,,,,,,;,,,,,,,,,40,,,,,,,,,,,,,,,,,,,,,,,,,,,,,,,,,,,;,,,,,,,,,,,,,,,,,,,,,,,,,,,,,,,,,,,,,,,,,,,21,;,,,,,,,,,,,,,,,,,,,,,,,,,,,,,,,,,,,,,,,22,,,,,;,,,,,,,,,,,,,,,,,,,,,,,,,,,,,,,,,,,23,,,,,,,,,;43,,,,,,,,,,,,,,,,,,,,,,,,,,,,,,,,,,,,,,,,,,,,;,,,,44,,,,45,,,,,,,,,,,,,,,,,,,,,,,,,,,,,,,,,,,,;,,,,,,,,,,,,,,,,,,,,,,,,,,,,,,,,,,,,,,,,,,,,;,,,,,,,,,,,,,,,,,,,,,,,,,,,,,,,,,,,,18,,,,,,,,;,,,,,,,,,,,,,,,,,,,,,,,,,,,,,,,,,,,,,,,,19,,,,20;,,,,,,,,46,,,,,,,,,,,,,,,,,,,,,,,,,,,,,,,,,,,,;,,,,,47,,,,,,,,,,,,,,,,,,,,,,,,,,,,,,,,,,,,,,,;,48,,,,,,,,,,,,,,,,,,,,,,,,,,,,,,,,,,,,,,,,,,,;,,,,,,,,,,,,,,,,,,,,,,,,,,,,,,,,,,,17,,,,,,,,,;,,,,,,,,,,,,,,,,,,,,,,,,,,,,,,,,,,,,,,,16,,,,,;,,,,,,,,,,,,,,,,,,,,,,,,,,,,,,,,,,,,,,,,,,,,;,,,,,,,,,,,,,,,,,,,,,,,,,,,,,,,,,,,,,,,,,,15,,;,,,,,,,50,,,,,,,,,,,,,,,,,,,,,,,,,,,,,,,,,,,,,;,,,,,,,,,,,,,,1,,,,,,,,,,,,,,,,,,,,,,,,,,,,,,;,,,,49,,,,,,,,,,,,,,,,,,,,,,,,12,,,,,,,13,,,,,,,,,;,,,,,,,,,,,,,,,,,,6,,,,,7,,,,,,,,,,,,,,,,,,,,,;,,,,,,,,,,,,2,,,,,,,,,,,,,,,,,,,,,,,,,,,,,,,,;,,,,,,,,,,,,,,,,,,,,,,,,,,,,,,11,,,,,,,,14,,,,,,;,,,,,,,,,,,,,,,,,5,,,,,,,,,,,,,,,,,,,,,,,,,,,;,,,,,,,,,3,,,,,,,,,,,,,,,8,,,,,,,,,,,,,,,,,,,,;,,,,,,,,,,,,,,,,,,,,,,,,,,,,,,,,,,,,,,,,,,,,;,,,,,,,,,,,,,,,,,,,,,,,,,,,,,,,10,,,,,,,,,,,,,;,,,,,,,,,,,,,,,,4,,,,,,,,,,,,,,,,,,,,,,,,,,,,;,,,,,,,,,,,,,,,,,,,,,,,,9,,,,,,,,,,,,,,,,,,,," CustomBkgLightness="0" ControllerConnection="WS2811:8" offsetXpct="0.4862" offsetYpct="0.7925" PreviewScaleX="0.0300" PreviewScaleY="0.0580" PreviewRotation="0" versionNumber="1" StartChannel="#202:478">
      <dimmingCurve>
        <all brightness="0" gamma="1.8"/>
      </dimmingCurve>
      <subModel name="Inner Circle" layout="horizontal" type="ranges" line0="1,6,7,12,17,18,23,28,29,34,35,40,45,46"/>
      <subModel name="Mid Circle" layout="horizontal" type="ranges" line0="2,5,8,11,13,16,19,22,24,27,30,33,36,39,41,44,47,50"/>
      <subModel name="Outer Circle" layout="horizontal" type="ranges" line0="3,4,9,10,14,15,20,21,25,26,31,32,37,38,42,43,48,49"/>
      <subModel name="WArchR" layout="horizontal" type="ranges" line0="48,43,42,38,37,32,31,26,25,21,20" offsetXpct="0.4862" offsetYpct="0.7925" PreviewScaleX="0.0300" PreviewScaleY="0.0580" PreviewRotation="0" versionNumber="1" StartChannel="1045"/>
    </model>
    <model DisplayAs="Custom" StringType="RGB Nodes" parm3="1" StartSide="B" Dir="L" LayoutGroup="Default" PixelSize="6" Antialias="3" Transparency="4" name="SnowFlake L" ControllerConnection="WS2811:5" parm2="44" parm1="48" CustomModel=",,,,,,,,,,,,21,,,,,,22,,,,,,,,,,,,28,,,,,,,,,,,,,,,,,;,,,,,,,,,,,,,,,,,,,,,,,,,,,,,,,,,,,,29,,,,,,,,,,,;,,,,,,,,,,,,,,,,,,,,,,,,,,,,,,,,,,,,,,,,,,,,,,,;,,,,,,,,,,,,,,,,,,,,,,,,,,,,,,,,,,,,,,,,,,,,,,,;,,,,,,,,,,,,,,,,,,,,,,,,,,,,,,,,,,,,,,,,,,,,,,,;,,,,,,,,,20,,,,,,,,,,23,,,,,,,,,27,,,,,,,,,,,,,,,,,,,;,,,,,,,,,,,,,,,,,,,,,,,,,,,,,,,,,,,,,,,30,,,,,,,,;,,,,,,,,,,,,,,,,,,,,,,,,,,,,,,,,,,,,,,,,,,,,,,,;,,,,,,,,,,,,,,,,,,,,,,,,,,,,,,,,,,,,,,,,,,,,,,,;,,,,,,,,,,,,19,,,,,,,,,,,,,,,,,,,,,,,,,,,,,,,,,,,;,,,,,,,,,,,,,,,,,,,,,,,,,,,,,,,,,,,31,,,,,,,,,,,,;,,,,,,,,,,,,,,,,,,,,,24,,,,,26,,,,,,,,,,,,,,,,,,,,,;,,,,,,,,,,,,,,,,,,,,,,,,,,,,,,,,,,,,,,,,,,,,,,,;,,,,,,,,,,,,,,,,,,,,,,,,,,,,,,,,,,,,,,,,,,,,,,,;,,,,,,,,,,,,,,,,18,,,,,,,,,,,,,,,32,,,,,,,,,,,,,,,,;,,14,,,,,,,,,,,,,,,,,,,,,25,,,,,,,,,,,,,,,,,,,,,,,,;,,,,,,,15,,,,,,,,,,,,,,,,,,,,,,,,,,,,,,,,,,,,,,,,;,,,,,,,,,,,,,,,,,,,,,,,,,,,,,,,,,,,,,,,,,,,,,36,,;,,,,,,,,,,,,,16,,,,,17,,,,,,,,,,,,,,,,,,,,,35,,,,,,,,;,,,,,,,,,,,,,,,,,,,,,,,,,,,,33,,,,,34,,,,,,,,,,,,,,;13,,,,,,,,,,,,,,,,,,,,,,,,,,,,,,,,,,,,,,,,,,,,,,,;,,,,,,,,,,,,,,,,,,,,,,,,,,,,,,,,,,,,,,,,,,,,,,,;,,,,,,,,,,,,,,,,,,,,,,,,,,,,,,,,,,,,,,,,,,,,,,,;,,,,,,,,,,,,,,,,,,,,,,,,,,,,,,,,,,,,,,,,,,,,,,,37;,,,,,,,,,,,,,10,,,,9,,,,,,,,,,,,,,,,,,,,,,,,,,,,,,;,,,,,,,11,,,,,,,,,,,,,,,,,,,,,41,,,,,40,,,,,,,,,,,,,,;,,12,,,,,,,,,,,,,,,,,,,,,,,,,,,,,,,,,,,,,,,,,,,,,;,,,,,,,,,,,,,,,,,,,,,,1,,,,,,,,,,,,,,,,,39,,,,,,,,;,,,,,,,,,,,,,,,8,,,,,,,,,,,,,,,,,,,,,,,,,,,,,38,,,;,,,,,,,,,,,,,,,,,,,,,,,,,,,,,,42,,,,,,,,,,,,,,,,,;,,,,,,,,,,,,,,,,,,,,,,,,,,,,,,,,,,,,,,,,,,,,,,,;,,,,,,,,,,,,,,,,,,,,,,,,,,,,,,,,,,,,,,,,,,,,,,,;,,,,,,,,,,,7,,,,,,,,,2,,,,,48,,,,,,,,,,,,,,,,,,,,,,;,,,,,,,,,,,,,,,,,,,,,,,,,,,,,,,,,,,,,,,,,,,,,,,;,,,,,,,,,,,,,,,,,,,,,,,,,,,,,,,,,,43,,,,,,,,,,,,,;,,,,,,,,,,,,,,,,,,,,,,,,,,,,,,,,,,,,,,,,,,,,,,,;,,,,,,,6,,,,,,,,,,,,,,,,,,,,,,,,,,,,,,,,,,,,,,,,;,,,,,,,,,,,,,,,,,,3,,,,,,,,,,,,,,,,,,,,,,,,,,,,,;,,,,,,,,,,,,,,,,,,,,,,,,,,47,,,,,,,,,,,44,,,,,,,,,,;,,,,,,,,,,,,,,,,,,,,,,,,,,,,,,,,,,,,,,,,,,,,,,,;,,,,,,,,,,,,,,,,,,,,,,,,,,,,,,,,,,,,,,,,,,,,,,,;,,,,,,,,,,5,,,,,,,,,,,,,,,,,,,,,,,,,,,,,,,,,,,,,;,,,,,,,,,,,,,,,,4,,,,,,,,,,,,,,,,,,45,,,,,,,,,,,,,;,,,,,,,,,,,,,,,,,,,,,,,,,,,,46,,,,,,,,,,,,,,,,,,," CustomBkgLightness="0" offsetXpct="0.1249" offsetYpct="0.7906" PreviewScaleX="0.0300" PreviewScaleY="0.0580" PreviewRotation="0" versionNumber="1" StartChannel="#202:40">
      <dimmingCurve>
        <all brightness="0" gamma="1.8"/>
      </dimmingCurve>
      <subModel name="Circle-1" layout="horizontal" type="ranges" line0="1,9,17,25,33,41"/>
      <subModel name="Circle-2" layout="horizontal" type="ranges" line0="2,8,10,16,18,24,26,32,34,40,42,48"/>
      <subModel name="Circle-3" layout="horizontal" type="ranges" line0="3,7,11,15,19,23,27,31,35,39,43,47"/>
      <subModel name="Circle-4" layout="horizontal" type="ranges" line0="4,6,12,14,20,22,28,30,36,38,44,46"/>
      <subModel name="Circle-5" layout="horizontal" type="ranges" line0="5,13,21,29,37,45"/>
      <subModel name="SFArch" layout="horizontal" type="ranges" line0="12,15,19,23,27,31,35,38" offsetXpct="0.1249" offsetYpct="0.7906" PreviewScaleX="0.0300" PreviewScaleY="0.0580" PreviewRotation="0" versionNumber="1" StartChannel="583"/>
    </model>
    <model DisplayAs="Custom" StringType="RGB Nodes" parm1="48" parm2="44" parm3="1" StartSide="B" Dir="L" CustomModel=",,,,,,,,,,,,21,,,,,,22,,,,,,,,,,,,28,,,,,,,,,,,,,,,,,;,,,,,,,,,,,,,,,,,,,,,,,,,,,,,,,,,,,,29,,,,,,,,,,,;,,,,,,,,,,,,,,,,,,,,,,,,,,,,,,,,,,,,,,,,,,,,,,,;,,,,,,,,,,,,,,,,,,,,,,,,,,,,,,,,,,,,,,,,,,,,,,,;,,,,,,,,,,,,,,,,,,,,,,,,,,,,,,,,,,,,,,,,,,,,,,,;,,,,,,,,,20,,,,,,,,,,23,,,,,,,,,27,,,,,,,,,,,,,,,,,,,;,,,,,,,,,,,,,,,,,,,,,,,,,,,,,,,,,,,,,,,30,,,,,,,,;,,,,,,,,,,,,,,,,,,,,,,,,,,,,,,,,,,,,,,,,,,,,,,,;,,,,,,,,,,,,,,,,,,,,,,,,,,,,,,,,,,,,,,,,,,,,,,,;,,,,,,,,,,,,19,,,,,,,,,,,,,,,,,,,,,,,,,,,,,,,,,,,;,,,,,,,,,,,,,,,,,,,,,,,,,,,,,,,,,,,31,,,,,,,,,,,,;,,,,,,,,,,,,,,,,,,,,,24,,,,,26,,,,,,,,,,,,,,,,,,,,,;,,,,,,,,,,,,,,,,,,,,,,,,,,,,,,,,,,,,,,,,,,,,,,,;,,,,,,,,,,,,,,,,,,,,,,,,,,,,,,,,,,,,,,,,,,,,,,,;,,,,,,,,,,,,,,,,18,,,,,,,,,,,,,,,32,,,,,,,,,,,,,,,,;,,14,,,,,,,,,,,,,,,,,,,,,25,,,,,,,,,,,,,,,,,,,,,,,,;,,,,,,,15,,,,,,,,,,,,,,,,,,,,,,,,,,,,,,,,,,,,,,,,;,,,,,,,,,,,,,,,,,,,,,,,,,,,,,,,,,,,,,,,,,,,,,36,,;,,,,,,,,,,,,,16,,,,,17,,,,,,,,,,,,,,,,,,,,,35,,,,,,,,;,,,,,,,,,,,,,,,,,,,,,,,,,,,,33,,,,,34,,,,,,,,,,,,,,;13,,,,,,,,,,,,,,,,,,,,,,,,,,,,,,,,,,,,,,,,,,,,,,,;,,,,,,,,,,,,,,,,,,,,,,,,,,,,,,,,,,,,,,,,,,,,,,,;,,,,,,,,,,,,,,,,,,,,,,,,,,,,,,,,,,,,,,,,,,,,,,,;,,,,,,,,,,,,,,,,,,,,,,,,,,,,,,,,,,,,,,,,,,,,,,,37;,,,,,,,,,,,,,10,,,,9,,,,,,,,,,,,,,,,,,,,,,,,,,,,,,;,,,,,,,11,,,,,,,,,,,,,,,,,,,,,41,,,,,40,,,,,,,,,,,,,,;,,12,,,,,,,,,,,,,,,,,,,,,,,,,,,,,,,,,,,,,,,,,,,,,;,,,,,,,,,,,,,,,,,,,,,,1,,,,,,,,,,,,,,,,,39,,,,,,,,;,,,,,,,,,,,,,,,8,,,,,,,,,,,,,,,,,,,,,,,,,,,,,38,,,;,,,,,,,,,,,,,,,,,,,,,,,,,,,,,,42,,,,,,,,,,,,,,,,,;,,,,,,,,,,,,,,,,,,,,,,,,,,,,,,,,,,,,,,,,,,,,,,,;,,,,,,,,,,,,,,,,,,,,,,,,,,,,,,,,,,,,,,,,,,,,,,,;,,,,,,,,,,,7,,,,,,,,,2,,,,,48,,,,,,,,,,,,,,,,,,,,,,;,,,,,,,,,,,,,,,,,,,,,,,,,,,,,,,,,,,,,,,,,,,,,,,;,,,,,,,,,,,,,,,,,,,,,,,,,,,,,,,,,,43,,,,,,,,,,,,,;,,,,,,,,,,,,,,,,,,,,,,,,,,,,,,,,,,,,,,,,,,,,,,,;,,,,,,,6,,,,,,,,,,,,,,,,,,,,,,,,,,,,,,,,,,,,,,,,;,,,,,,,,,,,,,,,,,,3,,,,,,,,,,,,,,,,,,,,,,,,,,,,,;,,,,,,,,,,,,,,,,,,,,,,,,,,47,,,,,,,,,,,44,,,,,,,,,,;,,,,,,,,,,,,,,,,,,,,,,,,,,,,,,,,,,,,,,,,,,,,,,,;,,,,,,,,,,,,,,,,,,,,,,,,,,,,,,,,,,,,,,,,,,,,,,,;,,,,,,,,,,5,,,,,,,,,,,,,,,,,,,,,,,,,,,,,,,,,,,,,;,,,,,,,,,,,,,,,,4,,,,,,,,,,,,,,,,,,45,,,,,,,,,,,,,;,,,,,,,,,,,,,,,,,,,,,,,,,,,,46,,,,,,,,,,,,,,,,,,," LayoutGroup="Default" PixelSize="6" Transparency="4" Antialias="3" name="SnowFlake R" ControllerConnection="WS2811:9" offsetXpct="0.6007" offsetYpct="0.7892" PreviewScaleX="0.0300" PreviewScaleY="0.0580" PreviewRotation="0" versionNumber="1" StartChannel="#203:118">
      <dimmingCurve>
        <all brightness="0" gamma="1.8"/>
      </dimmingCurve>
      <subModel name="Circle-1" layout="horizontal" type="ranges" line0="1,9,17,25,33,41"/>
      <subModel name="Circle-2" layout="horizontal" type="ranges" line0="2,8,10,16,18,24,26,32,34,40,42,48"/>
      <subModel name="Circle-3" layout="horizontal" type="ranges" line0="3,7,11,15,19,23,27,31,35,39,43,47"/>
      <subModel name="Circle-4" layout="horizontal" type="ranges" line0="4,6,12,14,20,22,28,30,36,38,44,46"/>
      <subModel name="Circle-5" layout="horizontal" type="ranges" line0="5,13,21,29,37,45"/>
      <subModel name="SFArchR" layout="horizontal" type="ranges" line0="12,15,19,23,27,31,35,38" offsetXpct="0.6007" offsetYpct="0.7892" PreviewScaleX="0.0300" PreviewScaleY="0.0580" PreviewRotation="0" versionNumber="1" StartChannel="1171"/>
    </model>
    <model DisplayAs="Custom" StringType="RGB Nodes" parm1="48" parm2="44" parm3="1" StartSide="B" Dir="L" CustomModel=",,,,,,,,,,,,21,,,,,,22,,,,,,,,,,,,28,,,,,,,,,,,,,,,,,;,,,,,,,,,,,,,,,,,,,,,,,,,,,,,,,,,,,,29,,,,,,,,,,,;,,,,,,,,,,,,,,,,,,,,,,,,,,,,,,,,,,,,,,,,,,,,,,,;,,,,,,,,,,,,,,,,,,,,,,,,,,,,,,,,,,,,,,,,,,,,,,,;,,,,,,,,,,,,,,,,,,,,,,,,,,,,,,,,,,,,,,,,,,,,,,,;,,,,,,,,,20,,,,,,,,,,23,,,,,,,,,27,,,,,,,,,,,,,,,,,,,;,,,,,,,,,,,,,,,,,,,,,,,,,,,,,,,,,,,,,,,30,,,,,,,,;,,,,,,,,,,,,,,,,,,,,,,,,,,,,,,,,,,,,,,,,,,,,,,,;,,,,,,,,,,,,,,,,,,,,,,,,,,,,,,,,,,,,,,,,,,,,,,,;,,,,,,,,,,,,19,,,,,,,,,,,,,,,,,,,,,,,,,,,,,,,,,,,;,,,,,,,,,,,,,,,,,,,,,,,,,,,,,,,,,,,31,,,,,,,,,,,,;,,,,,,,,,,,,,,,,,,,,,24,,,,,26,,,,,,,,,,,,,,,,,,,,,;,,,,,,,,,,,,,,,,,,,,,,,,,,,,,,,,,,,,,,,,,,,,,,,;,,,,,,,,,,,,,,,,,,,,,,,,,,,,,,,,,,,,,,,,,,,,,,,;,,,,,,,,,,,,,,,,18,,,,,,,,,,,,,,,32,,,,,,,,,,,,,,,,;,,14,,,,,,,,,,,,,,,,,,,,,25,,,,,,,,,,,,,,,,,,,,,,,,;,,,,,,,15,,,,,,,,,,,,,,,,,,,,,,,,,,,,,,,,,,,,,,,,;,,,,,,,,,,,,,,,,,,,,,,,,,,,,,,,,,,,,,,,,,,,,,36,,;,,,,,,,,,,,,,16,,,,,17,,,,,,,,,,,,,,,,,,,,,35,,,,,,,,;,,,,,,,,,,,,,,,,,,,,,,,,,,,,33,,,,,34,,,,,,,,,,,,,,;13,,,,,,,,,,,,,,,,,,,,,,,,,,,,,,,,,,,,,,,,,,,,,,,;,,,,,,,,,,,,,,,,,,,,,,,,,,,,,,,,,,,,,,,,,,,,,,,;,,,,,,,,,,,,,,,,,,,,,,,,,,,,,,,,,,,,,,,,,,,,,,,;,,,,,,,,,,,,,,,,,,,,,,,,,,,,,,,,,,,,,,,,,,,,,,,37;,,,,,,,,,,,,,10,,,,9,,,,,,,,,,,,,,,,,,,,,,,,,,,,,,;,,,,,,,11,,,,,,,,,,,,,,,,,,,,,41,,,,,40,,,,,,,,,,,,,,;,,12,,,,,,,,,,,,,,,,,,,,,,,,,,,,,,,,,,,,,,,,,,,,,;,,,,,,,,,,,,,,,,,,,,,,1,,,,,,,,,,,,,,,,,39,,,,,,,,;,,,,,,,,,,,,,,,8,,,,,,,,,,,,,,,,,,,,,,,,,,,,,38,,,;,,,,,,,,,,,,,,,,,,,,,,,,,,,,,,42,,,,,,,,,,,,,,,,,;,,,,,,,,,,,,,,,,,,,,,,,,,,,,,,,,,,,,,,,,,,,,,,,;,,,,,,,,,,,,,,,,,,,,,,,,,,,,,,,,,,,,,,,,,,,,,,,;,,,,,,,,,,,7,,,,,,,,,2,,,,,48,,,,,,,,,,,,,,,,,,,,,,;,,,,,,,,,,,,,,,,,,,,,,,,,,,,,,,,,,,,,,,,,,,,,,,;,,,,,,,,,,,,,,,,,,,,,,,,,,,,,,,,,,43,,,,,,,,,,,,,;,,,,,,,,,,,,,,,,,,,,,,,,,,,,,,,,,,,,,,,,,,,,,,,;,,,,,,,6,,,,,,,,,,,,,,,,,,,,,,,,,,,,,,,,,,,,,,,,;,,,,,,,,,,,,,,,,,,3,,,,,,,,,,,,,,,,,,,,,,,,,,,,,;,,,,,,,,,,,,,,,,,,,,,,,,,,47,,,,,,,,,,,44,,,,,,,,,,;,,,,,,,,,,,,,,,,,,,,,,,,,,,,,,,,,,,,,,,,,,,,,,,;,,,,,,,,,,,,,,,,,,,,,,,,,,,,,,,,,,,,,,,,,,,,,,,;,,,,,,,,,,5,,,,,,,,,,,,,,,,,,,,,,,,,,,,,,,,,,,,,;,,,,,,,,,,,,,,,,4,,,,,,,,,,,,,,,,,,45,,,,,,,,,,,,,;,,,,,,,,,,,,,,,,,,,,,,,,,,,,46,,,,,,,,,,,,,,,,,,," LayoutGroup="Default" Antialias="3" PixelSize="6" Transparency="4" name="SnowFlake C" ControllerConnection="WS2811:7" offsetXpct="0.3641" offsetYpct="0.7917" PreviewScaleX="0.0300" PreviewScaleY="0.0580" PreviewRotation="0" versionNumber="1" StartChannel="#202:334">
      <dimmingCurve>
        <all brightness="0" gamma="1.8"/>
      </dimmingCurve>
      <subModel name="Circle-1" layout="horizontal" type="ranges" line0="1,9,17,25,33,41"/>
      <subModel name="Circle-2" layout="horizontal" type="ranges" line0="2,8,10,16,18,24,26,32,34,40,42,48"/>
      <subModel name="Circle-3" layout="horizontal" type="ranges" line0="3,7,11,15,19,23,27,31,35,39,43,47"/>
      <subModel name="Circle-4" layout="horizontal" type="ranges" line0="4,6,12,14,20,22,28,30,36,38,44,46"/>
      <subModel name="Circle-5" layout="horizontal" type="ranges" line0="5,13,21,29,37,45"/>
      <subModel name="SFArchC" layout="horizontal" type="ranges" line0="12,15,19,23,27,31,35,38" offsetXpct="0.3641" offsetYpct="0.7917" PreviewScaleX="0.0300" PreviewScaleY="0.0580" PreviewRotation="0" versionNumber="1" StartChannel="877"/>
    </model>
    <model name="Roof Lower" DisplayAs="Single Line" StringType="RGB Nodes" parm1="1" parm3="1" StartSide="B" Dir="R" Transparency="0" PixelSize="5" Antialias="2" LayoutGroup="Default" parm2="45" ControllerConnection="WS2811:2" X1="0.088719" Y1="0.630556" X2="0.634718" Y2="0.630556" versionNumber="1" StartChannel="#201:151">
      <dimmingCurve>
        <all brightness="0" gamma="1.8"/>
      </dimmingCurve>
    </model>
    <model name="Roof Upper" DisplayAs="Single Line" StringType="RGB Nodes" parm1="1" parm3="1" StartSide="B" Dir="R" Transparency="0" PixelSize="5" Antialias="2" LayoutGroup="Default" parm2="50" ControllerConnection="WS2811:1" X1="0.069438" Y1="0.923611" X2="0.652438" Y2="0.923611" versionNumber="1" StartChannel="#201:1">
      <dimmingCurve>
        <all brightness="0" gamma="1.8"/>
      </dimmingCurve>
    </model>
    <model name="Matrix Steps" DisplayAs="Custom" StringType="RGB Nodes" parm1="30" parm2="15" parm3="1" StartSide="B" Dir="R" PixelSize="2" Transparency="0" CustomModel="436,435,406,405,376,375,346,345,316,315,286,285,256,255,226,225,196,195,166,165,136,135,106,105,76,75,46,45,16,15;437,434,407,404,377,374,347,344,317,314,287,284,257,254,227,224,197,194,167,164,137,134,107,104,77,74,47,44,17,14;438,433,408,403,378,373,348,343,318,313,288,283,258,253,228,223,198,193,168,163,138,133,108,103,78,73,48,43,18,13;439,432,409,402,379,372,349,342,319,312,289,282,259,252,229,222,199,192,169,162,139,132,109,102,79,72,49,42,19,12;440,431,410,401,380,371,350,341,320,311,290,281,260,251,230,221,200,191,170,161,140,131,110,101,80,71,50,41,20,11;441,430,411,400,381,370,351,340,321,310,291,280,261,250,231,220,201,190,171,160,141,130,111,100,81,70,51,40,21,10;442,429,412,399,382,369,352,339,322,309,292,279,262,249,232,219,202,189,172,159,142,129,112,99,82,69,52,39,22,9;443,428,413,398,383,368,353,338,323,308,293,278,263,248,233,218,203,188,173,158,143,128,113,98,83,68,53,38,23,8;444,427,414,397,384,367,354,337,324,307,294,277,264,247,234,217,204,187,174,157,144,127,114,97,84,67,54,37,24,7;445,426,415,396,385,366,355,336,325,306,295,276,265,246,235,216,205,186,175,156,145,126,115,96,85,66,55,36,25,6;446,425,416,395,386,365,356,335,326,305,296,275,266,245,236,215,206,185,176,155,146,125,116,95,86,65,56,35,26,5;447,424,417,394,387,364,357,334,327,304,297,274,267,244,237,214,207,184,177,154,147,124,117,94,87,64,57,34,27,4;448,423,418,393,388,363,358,333,328,303,298,273,268,243,238,213,208,183,178,153,148,123,118,93,88,63,58,33,28,3;449,422,419,392,389,362,359,332,329,302,299,272,269,242,239,212,209,182,179,152,149,122,119,92,89,62,59,32,29,2;450,421,420,391,390,361,360,331,330,301,300,271,270,241,240,211,210,181,180,151,150,121,120,91,90,61,60,31,30,1" Antialias="2" LayoutGroup="Default" ControllerConnection="WS2811:1" offsetXpct="0.3663" offsetYpct="0.3918" PreviewScaleX="0.1790" PreviewScaleY="0.1350" PreviewRotation="0" versionNumber="1" StartChannel="#401:1">
      <dimmingCurve>
        <all brightness="0" gamma="1.8"/>
      </dimmingCurve>
      <subModel name="Snowflake1" layout="horizontal" type="ranges" line0="125,128,131" line1="141,143,145" line2="157,159" line3="169,170,173,176,177" line4="181,184,187,189,192,195" line5="197,201,205,209" line6="213,215,217,219,221,223" line7="226-229,231,233,235,237-240" line8="243,245,247,249,251,253" line9="257,261,265,269" line10="271,274,277,279,282,285" line11="289,290,293,296,297" line12="307,309" line13="321,323,325" line14="335,338,341"/>
      <subModel name="Snowflake2" layout="horizontal" type="ranges" line0="125,128,131" line1="141,143,145" line2="154,157,159,162" line3="168,169,173,177,178" line4="181,186,188,190,195" line5="197,200,201,203,205,206,209" line6="213,217,219,223" line7="226,227,227,229-231,233,235-237,239,240" line8="243,247,249,253" line9="257,260,261,263,265,266,269" line10="271,276,278,280,285" line11="288,289,293,297,298" line12="304,307,309,312" line13="321,323,325" line14="335,338,341"/>
      <subModel name="Snowflake3" layout="horizontal" type="ranges" line0="125,128,131" line1="141,143,145" line2="153,157,159,163" line3="169,173,177" line4="181,185,188,191,195" line5="197,201,203,205,209" line6="213,217,219,223" line7="226,226,229-231,233,235-237,239,240" line8="243,247,249,253" line9="257,261,263,265,269" line10="271,275,278,281,285" line11="289,293,297" line12="303,307,309,313" line13="321,323,325" line14="335,338,341"/>
      <subModel name="Snowflake4" layout="horizontal" type="ranges" line0="125,128,131" line1="141,143,145" line2="154,157,159,162" line3="168,169,171,175,177,178" line4="181,186-190,195" line5="197,199,200,206,207,209" line6="213,215,217,219,221,223" line7="226,227,230,233,236,239,240" line8="243,245,247,249,251,253" line9="257,259,260,266,267,269" line10="271,276-280,285" line11="288,289,291,295,297,298" line12="304,307,309,312" line13="321,323,325" line14="335,338,341"/>
      <subModel name="Spinner1" layout="horizontal" type="ranges" line0="233-240" line1="233,217,205,185,177,153" line2="233,218,203,188,173,158,143,128" line3="233,219,201,191,169,163" line4="233-226" line5="233,249,261,281,289,313" line6="233,248,263,278,293,308,323,338" line7="233,247,265,275,297,303"/>
      <subModel name="Spinner2" layout="horizontal" type="ranges" line0="233,217,219,205,201,185,191,177,169,153,163" line1="203,187,189,175,171,155,161,147,139" line2="173,157,159,145,141,125,131" line3="143,127,129" line4="233,219,249,201,261,191,281,169,289,163,313" line5="231,221,251,199,259,193,283,167,287" line6="229,223,253,197,257,195,285" line7="227,225,255" line8="233,247,249,265,261,275,281,297,289,303,313" line9="263,277,279,295,291,305,311,327,319" line10="293,307,309,325,321,335,341" line11="323,337,339" line12="233,217,247,205,265,185,275,177,297,153,303" line13="235,215,245,207,267,183,273,179,299" line14="237,213,243,209,269,181,271" line15="239,211,241"/>
    </model>
    <model name="Window L1" DisplayAs="Window Frame" StringType="RGB Nodes" Transparency="0" PixelSize="5" Antialias="2" LayoutGroup="Default" parm1="3" parm3="3" parm2="8" Dir="R" StartSide="B" ControllerConnection="WS2811:3" offsetXpct="0.1846" offsetYpct="0.8043" PreviewScaleX="0.0600" PreviewScaleY="0.1700" PreviewRotation="0" versionNumber="1" StartChannel="#201:352">
      <dimmingCurve>
        <all brightness="0" gamma="1.8"/>
      </dimmingCurve>
      <subModel name="WArch1" layout="horizontal" type="ranges" line0="5,6,7,8,9,10,11,12,13,14,15,16,17,18,19,20,21,22,1" offsetXpct="0.1846" offsetYpct="0.8043" PreviewScaleX="0.0600" PreviewScaleY="0.1700" PreviewRotation="0" versionNumber="1" StartChannel="286"/>
    </model>
    <model name="Window L2" DisplayAs="Window Frame" StringType="RGB Nodes" Transparency="0" PixelSize="5" Antialias="2" LayoutGroup="Default" parm1="3" parm2="8" parm3="3" Dir="R" StartSide="B" ControllerConnection="WS2811:3" offsetXpct="0.3004" offsetYpct="0.8044" PreviewScaleX="0.0600" PreviewScaleY="0.1700" PreviewRotation="0" versionNumber="1" StartChannel="#201:286">
      <dimmingCurve>
        <all brightness="0" gamma="1.8"/>
      </dimmingCurve>
      <subModel name="WArch2" layout="horizontal" type="ranges" line0="5,6,7,8,9,10,11,12,13,14,15,16,17,18,19,20,21,22,1" offsetXpct="0.3004" offsetYpct="0.8044" PreviewScaleX="0.0600" PreviewScaleY="0.1700" PreviewRotation="0" versionNumber="1" StartChannel="352"/>
    </model>
    <model name="Window R1" DisplayAs="Window Frame" StringType="RGB Nodes" Transparency="0" PixelSize="5" Antialias="2" LayoutGroup="Default" parm1="3" parm2="8" parm3="3" Dir="R" StartSide="B" ControllerConnection="WS2811:4" offsetXpct="0.4287" offsetYpct="0.8031" PreviewScaleX="0.0600" PreviewScaleY="0.1700" PreviewRotation="0" versionNumber="1" StartChannel="#201:484">
      <dimmingCurve>
        <all brightness="0" gamma="1.8"/>
      </dimmingCurve>
      <subModel name="WArch3" layout="horizontal" type="ranges" line0="5,6,7,8,9,10,11,12,13,14,15,16,17,18,19,20,21,22,1" offsetXpct="0.4287" offsetYpct="0.8031" PreviewScaleX="0.0600" PreviewScaleY="0.1700" PreviewRotation="0" versionNumber="1" StartChannel="418"/>
    </model>
    <model name="Window R2" DisplayAs="Window Frame" StringType="RGB Nodes" Transparency="0" PixelSize="5" Antialias="2" LayoutGroup="Default" parm1="3" parm2="8" parm3="3" Dir="R" StartSide="B" ControllerConnection="WS2811:4" offsetXpct="0.5437" offsetYpct="0.8031" PreviewScaleX="0.0600" PreviewScaleY="0.1700" PreviewRotation="0" versionNumber="1" StartChannel="#201:418">
      <dimmingCurve>
        <all brightness="0" gamma="1.8"/>
      </dimmingCurve>
      <subModel name="WArch4" layout="horizontal" type="ranges" line0="5,6,7,8,9,10,11,12,13,14,15,16,17,18,19,20,21,22,1" offsetXpct="0.5437" offsetYpct="0.8031" PreviewScaleX="0.0600" PreviewScaleY="0.1700" PreviewRotation="0" versionNumber="1" StartChannel="484"/>
    </model>
    <model name="Flood L" DisplayAs="Single Line" StringType="RGB Nodes" parm1="1" parm2="1" parm3="1" StartSide="B" Dir="L" Antialias="3" PixelSize="200" Transparency="30" LayoutGroup="Default" BlackTransparency="100" X1="0.020219" Y1="0.479167" X2="0.353219" Y2="0.479167" versionNumber="1" StartChannel="#631:1"/>
    <model name="Flood R" DisplayAs="Single Line" StringType="RGB Nodes" parm1="1" parm2="1" parm3="1" StartSide="B" Dir="L" Antialias="3" PixelSize="200" Transparency="30" LayoutGroup="Default" BlackTransparency="100" X1="0.377250" Y1="0.479167" X2="0.710250" Y2="0.479167" versionNumber="1" StartChannel="#641:1"/>
  </models>
  <effects version="0006"/>
  <views>
    <view name="Edit" models="Whole House,Roof,SnowFlakes,ModArches,Windows,WindArches,Wreaths,Matrix All,Matrix Win,Matrix,Spirals All,Spirals Trees,Spiral Lg Tree,Flat Trees,Roof Lower,Roof Upper,Window L1,Window L2,Window R1,Window R2,SnowFlake L,SnowFlake C,SnowFlake R,Wreath L,Wreath R,Window ML,Window MR,Matrix Wind L,Matrix Steps,Matrix Wind R,Sp Tree LL,Sp Tree LR,Sp Tree RL,Sp Tree RR,C Spiral Tree L,C Spiral Tree R,SpiralTrLg1,SpiralTrLg2,Mini Tree Flat L,Mini Tree Flat R,FPPMatrix"/>
  </views>
  <palettes/>
  <modelGroups>
    <modelGroup name="Spirals Trees" offsetXpct="0.0000" offsetYpct="0.0000" PreviewScaleX="0.3333" PreviewScaleY="0.3333" PreviewRotation="0" versionNumber="1" StartChannel="" models="Sp Tree LL,Sp Tree LR,Sp Tree RL,Sp Tree RR,C Spiral Tree L,C Spiral Tree R" GridSize="400" layout="minimalGrid" LayoutGroup="Default"/>
    <modelGroup name="Whole House" offsetXpct="0.0000" offsetYpct="0.0000" PreviewScaleX="0.3333" PreviewScaleY="0.3333" PreviewRotation="0" versionNumber="1" StartChannel="" models="Window L1,Window L2,Window R1,Window R2,Window ML,Window MR,Matrix Steps,Matrix Wind L,Matrix Wind R,C Spiral Tree L,C Spiral Tree R,SnowFlake C,Roof Lower,Roof Upper,SnowFlake L,SnowFlake R,Mini Tree Flat L,Mini Tree Flat R,Sp Tree LL,Sp Tree LR,Sp Tree RL,Sp Tree RR,Wreath R,Wreath L,SpiralTrLg1,SpiralTrLg2" GridSize="400" layout="minimalGrid" LayoutGroup="Default"/>
    <modelGroup name="Matrix" offsetXpct="0.0000" offsetYpct="0.0000" PreviewScaleX="0.3333" PreviewScaleY="0.3333" PreviewRotation="0" versionNumber="1" StartChannel="" models="Matrix Steps,Matrix Wind L,Matrix Wind R" GridSize="400" layout="minimalGrid" LayoutGroup="Default"/>
    <modelGroup name="Windows" offsetXpct="0.0000" offsetYpct="0.0000" PreviewScaleX="0.3333" PreviewScaleY="0.3333" PreviewRotation="0" versionNumber="1" StartChannel="" models="Window L1,Window L2,Window R1,Window R2,Window ML,Window MR" GridSize="400" layout="minimalGrid" LayoutGroup="Default"/>
    <modelGroup name="Flood" models="Flood L,Flood R" GridSize="400" layout="minimalGrid" offsetXpct="0.0000" offsetYpct="0.0000" PreviewScaleX="0.3333" PreviewScaleY="0.3333" PreviewRotation="0" versionNumber="1" StartChannel="" LayoutGroup="Default"/>
    <modelGroup name="Roof" models="Roof Lower,Roof Upper" GridSize="400" layout="minimalGrid" offsetXpct="0.0000" offsetYpct="0.0000" PreviewScaleX="0.3333" PreviewScaleY="0.3333" PreviewRotation="0" versionNumber="1" StartChannel="" LayoutGroup="Default"/>
    <modelGroup name="Flat Trees" GridSize="400" layout="minimalGrid" offsetXpct="0.0000" offsetYpct="0.0000" PreviewScaleX="0.3333" PreviewScaleY="0.3333" PreviewRotation="0" versionNumber="1" StartChannel="" models="Mini Tree Flat L,Mini Tree Flat R" LayoutGroup="Default"/>
    <modelGroup name="SnowFlakes" offsetXpct="0.0000" offsetYpct="0.0000" PreviewScaleX="0.3333" PreviewScaleY="0.3333" PreviewRotation="0" versionNumber="1" StartChannel="" GridSize="400" layout="grid" models="SnowFlake C,SnowFlake L,SnowFlake R" LayoutGroup="Default"/>
    <modelGroup selected="0" name="Wreaths" GridSize="400" layout="grid" models="Wreath L,Wreath R" LayoutGroup="Default"/>
    <modelGroup selected="0" name="Whole House Pri" models="Windows,Wreaths,Spirals Trees,Flat Trees,SnowFlakes,Roof,Matrix Steps,Matrix Wind L,Matrix Wind R" GridSize="400" layout="minimalGrid" LayoutGroup="Default"/>
    <modelGroup selected="0" name="Matrix Win" models="Matrix Wind L,Matrix Wind R" GridSize="400" layout="minimalGrid" LayoutGroup="Default"/>
    <modelGroup selected="0" name="Matrix All" models="Matrix Wind L,Matrix Steps,Matrix Wind R" GridSize="400" layout="minimalGrid" LayoutGroup="Default"/>
    <modelGroup selected="0" name="Snowflake Matrix L" models="Matrix Wind L/Snowflake1,Matrix Wind L/Snowflake2,Matrix Wind L/Snowflake3,Matrix Wind L/Snowflake4,Matrix Wind L/Spinner1,Matrix Wind L/Spinner2" GridSize="400" layout="minimalGrid" LayoutGroup="Default"/>
    <modelGroup selected="0" name="Snowflake Matrix R" models="Matrix Wind R/Snowflake1,Matrix Wind R/Snowflake2,Matrix Wind R/Snowflake3,Matrix Wind R/Snowflake4,Matrix Wind R/Spinner1,Matrix Wind R/Spinner2" GridSize="400" layout="minimalGrid" LayoutGroup="Default"/>
    <modelGroup selected="0" name="Snowflake Matrix C" models="Matrix Steps/Snowflake1,Matrix Steps/Snowflake2,Matrix Steps/Snowflake3,Matrix Steps/Snowflake4,Matrix Steps/Spinner1,Matrix Steps/Spinner2" GridSize="400" layout="minimalGrid" LayoutGroup="Default"/>
    <modelGroup selected="0" name="WindArches" models="Window L1/WArch1,Window L2/WArch2,Window R1/WArch3,Window R2/WArch4" GridSize="400" layout="minimalGrid" LayoutGroup="Default"/>
    <modelGroup selected="0" name="ModArches" models="SnowFlake L/SFArch,Wreath L/WArchL,SnowFlake C/SFArchC,Wreath R/WArchR,SnowFlake R/SFArchR" GridSize="400" layout="minimalGrid" LayoutGroup="Default"/>
    <modelGroup selected="0" name="Spiral Lg Tree" models="SpiralTrLg1,SpiralTrLg2" GridSize="400" layout="minimalGrid" LayoutGroup="Default"/>
    <modelGroup selected="0" name="Spirals All" models="Sp Tree LL,Sp Tree LR,Sp Tree RL,Sp Tree RR,C Spiral Tree L,C Spiral Tree R,SpiralTrLg1,SpiralTrLg2" GridSize="400" layout="minimalGrid" LayoutGroup="Default"/>
  </modelGroups>
  <perspectives current="Default Perspective">
    <perspective name="Default Perspective" settings="layout2|name=ModelPreview;caption=Model Preview;state=2099196;dir=4;layer=1;row=0;pos=1;prop=100000;bestw=20;besth=20;minw=-1;minh=-1;maxw=-1;maxh=-1;floatx=-1;floaty=-1;floatw=-1;floath=-1|name=HousePreview;caption=House Preview;state=2099199;dir=4;layer=1;row=0;pos=1;prop=100000;bestw=20;besth=20;minw=-1;minh=-1;maxw=-1;maxh=-1;floatx=378;floaty=310;floatw=750;floath=531|name=EffectAssist;caption=Effect Assist;state=2099198;dir=4;layer=1;row=0;pos=1;prop=100000;bestw=0;besth=0;minw=-1;minh=-1;maxw=-1;maxh=-1;floatx=-1;floaty=-1;floatw=-1;floath=-1|name=DisplayElements;caption=Display Elements;state=2099199;dir=4;layer=0;row=0;pos=0;prop=100000;bestw=312;besth=350;minw=-1;minh=-1;maxw=-1;maxh=-1;floatx=260;floaty=167;floatw=312;floath=366|name=Perspectives;caption=Perspectives;state=2099198;dir=4;layer=1;row=0;pos=1;prop=100000;bestw=183;besth=150;minw=-1;minh=-1;maxw=-1;maxh=-1;floatx=-1;floaty=-1;floatw=-1;floath=-1|name=Effect;caption=Effect Settings;state=2115580;dir=4;layer=1;row=0;pos=0;prop=100000;bestw=477;besth=564;minw=-1;minh=-1;maxw=-1;maxh=-1;floatx=-1;floaty=-1;floatw=-1;floath=-1|name=EffectDropper;caption=Effects;state=2099198;dir=1;layer=0;row=0;pos=3;prop=100000;bestw=864;besth=480;minw=-1;minh=-1;maxw=-1;maxh=-1;floatx=-1;floaty=-1;floatw=-1;floath=-1|name=Color;caption=Color;state=2099196;dir=1;layer=0;row=0;pos=2;prop=100000;bestw=288;besth=113;minw=-1;minh=-1;maxw=-1;maxh=-1;floatx=-1;floaty=-1;floatw=-1;floath=-1|name=LayerTiming;caption=Layer Blending;state=2099196;dir=1;layer=0;row=0;pos=1;prop=100000;bestw=301;besth=262;minw=-1;minh=-1;maxw=-1;maxh=-1;floatx=-1;floaty=-1;floatw=-1;floath=-1|name=LayerSettings;caption=Layer Settings;state=2099196;dir=1;layer=0;row=0;pos=0;prop=100000;bestw=326;besth=211;minw=-1;minh=-1;maxw=-1;maxh=-1;floatx=-1;floaty=-1;floatw=-1;floath=-1|name=Main Sequencer;caption=Main Sequencer;state=768;dir=5;layer=0;row=0;pos=0;prop=100000;bestw=296;besth=219;minw=-1;minh=-1;maxw=-1;maxh=-1;floatx=-1;floaty=-1;floatw=-1;floath=-1|dock_size(4,1,0)=350|dock_size(1,0,0)=149|dock_size(5,0,0)=298|" version="2.0"/>
  </perspectives>
  <settings>
    <backgroundBrightness value="12"/>
    <storedLayoutGroup value="Default"/>
    <backgroundImage value="/Users/Brent/Dropbox/xlights/xLights/Show/_lost/HouseModel.jpg"/>
    <previewWidth value="1280"/>
    <previewHeight value="720"/>
  </settings>
  <layoutGroups/>
  <colors>
    <EffectDefault Red="192" Green="192" Blue="192"/>
    <EffectSelected Red="204" Green="102" Blue="255"/>
    <GridDashes Red="255" Green="255" Blue="0"/>
    <Gridlines Red="40" Green="40" Blue="40"/>
    <LabelOutline Red="103" Green="103" Blue="103"/>
    <Labels Red="255" Green="255" Blue="204"/>
    <LayoutDashes Red="255" Green="255" Blue="0"/>
    <ModelDefault Red="211" Green="211" Blue="211"/>
    <ModelOverlap Red="255" Green="0" Blue="0"/>
    <ModelSelected Red="255" Green="255" Blue="0"/>
    <Phonemes Red="255" Green="181" Blue="218"/>
    <Phrases Red="153" Green="255" Blue="153"/>
    <ReferenceEffect Red="255" Green="0" Blue="255"/>
    <RowHeader Red="212" Green="208" Blue="200"/>
    <RowHeaderSelected Red="130" Green="178" Blue="207"/>
    <Timing1 Red="0" Green="255" Blue="255"/>
    <Timing2 Red="255" Green="0" Blue="0"/>
    <Timing3 Red="0" Green="255" Blue="0"/>
    <Timing4 Red="255" Green="0" Blue="255"/>
    <Timing5 Red="255" Green="255" Blue="0"/>
    <TimingDefault Red="255" Green="255" Blue="255"/>
    <Words Red="255" Green="218" Blue="145"/>
  </colors>
</xrgb>
